Matric Number,Gender,Current academic level,Preferred living environment,Organize personal space frequency,Productive environment,Atmosphere created,Invite friends frequency,Comfortable with roommate bringing guests,Sleep lights preference,Fan speed preference,Preferred study time,Okay with roommate studying late night
2501827,Male,100,Comfortable with a bit of clutter,Occasionally,Lively with some quiet moments,Energetic,Very often,No,Always ON,Very high,Evening,No
21AB028409,Female,500,Generally tidy,Never,Quiet with occasional activity,Very calm,Occasionally,Sometimes,Must be OFF,High,Evening,Yes
24CF032506,Female,200,Generally tidy,Occasionally,Balanced,Very calm,Occasionally,Sometimes,Always ON,High,Morning,It depends
21CM031657,Female,500,Flexible/ not particular,A few times a week,Balanced,Energetic,Rarely,Sometimes,Prefer OFF,Medium,Morning,Yes
24AA029679,Male,200,Flexible/ not particular,Never,Quiet with occasional activity,Calm,Very often,Sometimes,Always ON,High,Late night,Yes
2501779,Female,100,Comfortable with a bit of clutter,Weekly,Balanced,Calm,Very often,Sometimes,Always ON,Medium,Late night,It depends
23CF036935,Female,300,Generally tidy,Daily,Lively with some quiet moments,Calm,Often,Yes,Prefer OFF,High,Evening,No
23AB037674,Female,300,Very organized,Daily,Balanced,Calm,Often,Sometimes,Prefer OFF,Medium,Late night,No
24AM028520,Female,200,Very organized,Weekly,Quiet with occasional activity,Very calm,Rarely,Yes,Always ON,Very high,Evening,It depends
2501409,Female,100,Very organized,Never,Quiet with occasional activity,Calm,Very often,Yes,Must be OFF,Very high,Late night,Yes
22AB031582,Male,400,Comfortable with a bit of clutter,Never,Balanced,Very calm,Rarely,Sometimes,Always ON,Low,Late night,Yes
23CM036279,Male,300,Generally tidy,Daily,Lively with some quiet moments,Calm,Rarely,No,Must be OFF,Low,Late night,No
22CB028434,Male,400,Comfortable with a bit of clutter,Weekly,Balanced,Very calm,Rarely,Sometimes,Prefer OFF,Very high,Late night,Yes
22CD032151,Female,400,Very organized,Occasionally,Balanced,Energetic,Often,No,Prefer OFF,Low,Evening,No
22CA031257,Male,400,Very organized,A few times a week,Quiet with occasional activity,Very calm,Occasionally,No,Must be OFF,Low,Evening,No
24CF038647,Female,200,Flexible/ not particular,Occasionally,Quiet with occasional activity,Calm,Very often,Yes,Sometimes ON,Very high,Morning,No
2502227,Female,100,Very organized,Occasionally,Quiet with occasional activity,Energetic,Often,No,Prefer OFF,Medium,Late night,No
24AM031611,Male,200,Flexible/ not particular,Weekly,Balanced,Very calm,Occasionally,Sometimes,Prefer OFF,Medium,Afternoon,It depends
22CG031883,Female,400,Comfortable with a bit of clutter,Occasionally,Lively with some quiet moments,Very calm,Rarely,Sometimes,Must be OFF,Medium,Late night,No
21BD037654,Male,500,Comfortable with a bit of clutter,Weekly,Balanced,Very calm,Rarely,Sometimes,Always ON,Medium,Morning,No
23CD028106,Female,300,Very organized,A few times a week,Balanced,Energetic,Never,No,Sometimes ON,Medium,Late night,No
24DA030615,Female,200,Flexible/ not particular,Daily,Lively with some quiet moments,Very calm,Often,Sometimes,Sometimes ON,High,Late night,Yes
23CF034924,Male,300,Very organized,A few times a week,Balanced,Energetic,Often,Yes,Must be OFF,Medium,Afternoon,It depends
22CG031853,Female,400,Generally tidy,Weekly,Lively with some quiet moments,Calm,Rarely,Yes,Sometimes ON,Medium,Morning,Yes
22BM032552,Male,400,Comfortable with a bit of clutter,Never,Balanced,Very calm,Very often,Sometimes,Prefer OFF,Very high,Evening,No
21AA031527,Male,500,Very organized,A few times a week,Lively with some quiet moments,Calm,Very often,Sometimes,Prefer OFF,Very high,Late night,No
22DA033514,Male,400,Very organized,Daily,Lively with some quiet moments,Very calm,Occasionally,No,Sometimes ON,Medium,Late night,It depends
22AB029519,Male,400,Comfortable with a bit of clutter,Occasionally,Balanced,Energetic,Often,Yes,Sometimes ON,Low,Morning,It depends
23AM029584,Female,300,Flexible/ not particular,Never,Lively with some quiet moments,Energetic,Occasionally,No,Sometimes ON,Medium,Afternoon,It depends
24BM033635,Female,200,Flexible/ not particular,Never,Lively with some quiet moments,Very calm,Rarely,Yes,Always ON,High,Late night,It depends
24CB032333,Male,200,Comfortable with a bit of clutter,Never,Lively with some quiet moments,Energetic,Occasionally,No,Sometimes ON,Low,Late night,Yes
24DA028711,Male,200,Flexible/ not particular,Never,Balanced,Calm,Often,No,Prefer OFF,High,Late night,Yes
24CF035527,Male,200,Comfortable with a bit of clutter,Occasionally,Quiet with occasional activity,Very calm,Often,No,Sometimes ON,Low,Afternoon,No
23CA030045,Male,300,Very organized,Daily,Lively with some quiet moments,Very calm,Rarely,No,Always ON,Low,Afternoon,No
2501366,Female,100,Generally tidy,Occasionally,Balanced,Calm,Never,Yes,Must be OFF,Low,Afternoon,No
23AB037044,Female,300,Very organized,Weekly,Quiet with occasional activity,Very calm,Often,Yes,Sometimes ON,High,Afternoon,It depends
21CD038299,Male,500,Very organized,Weekly,Quiet with occasional activity,Very calm,Occasionally,Yes,Always ON,Very high,Afternoon,Yes
23CB033925,Male,300,Comfortable with a bit of clutter,A few times a week,Balanced,Very calm,Rarely,Sometimes,Sometimes ON,Low,Morning,It depends
22CB031150,Male,400,Very organized,Never,Quiet with occasional activity,Very calm,Occasionally,Sometimes,Sometimes ON,Very high,Afternoon,No
24CF029139,Female,200,Very organized,Never,Balanced,Very calm,Never,Sometimes,Prefer OFF,Low,Evening,No
21CG038834,Female,500,Very organized,A few times a week,Lively with some quiet moments,Calm,Never,Yes,Always ON,High,Evening,No
22CE032242,Female,400,Flexible/ not particular,Never,Lively with some quiet moments,Very calm,Often,No,Sometimes ON,Very high,Afternoon,It depends
21CM032741,Female,500,Flexible/ not particular,Never,Lively with some quiet moments,Calm,Occasionally,No,Prefer OFF,High,Late night,Yes
23AB031814,Female,300,Generally tidy,A few times a week,Lively with some quiet moments,Energetic,Rarely,No,Prefer OFF,High,Morning,No
2501471,Male,100,Generally tidy,Occasionally,Quiet with occasional activity,Calm,Occasionally,Sometimes,Must be OFF,High,Late night,It depends
24AM032554,Male,200,Flexible/ not particular,Occasionally,Lively with some quiet moments,Energetic,Never,No,Must be OFF,High,Late night,It depends
21BD038415,Female,500,Flexible/ not particular,Never,Lively with some quiet moments,Calm,Never,Sometimes,Always ON,Low,Evening,It depends
22DB033977,Male,400,Very organized,A few times a week,Balanced,Calm,Very often,No,Prefer OFF,Very high,Evening,No
23AA034065,Male,300,Very organized,Daily,Quiet with occasional activity,Very calm,Never,No,Prefer OFF,Low,Afternoon,No
2501508,Female,100,Very organized,Occasionally,Lively with some quiet moments,Energetic,Rarely,Yes,Sometimes ON,High,Afternoon,Yes
22CM038980,Male,400,Very organized,Never,Balanced,Calm,Never,No,Sometimes ON,Low,Late night,Yes
24CD039498,Female,200,Very organized,A few times a week,Lively with some quiet moments,Calm,Never,Yes,Must be OFF,High,Morning,Yes
21DC039199,Male,500,Flexible/ not particular,A few times a week,Quiet with occasional activity,Energetic,Very often,Yes,Must be OFF,Low,Evening,Yes
2501272,Female,100,Comfortable with a bit of clutter,Weekly,Quiet with occasional activity,Energetic,Rarely,No,Must be OFF,Very high,Evening,Yes
23AB037980,Male,300,Generally tidy,Weekly,Balanced,Energetic,Never,Yes,Must be OFF,Medium,Morning,It depends
23CE030803,Female,300,Flexible/ not particular,A few times a week,Balanced,Very calm,Rarely,Sometimes,Sometimes ON,Very high,Late night,Yes
21CA039946,Male,500,Very organized,Daily,Balanced,Energetic,Rarely,Sometimes,Always ON,Low,Afternoon,It depends
24CM030677,Male,200,Generally tidy,Weekly,Lively with some quiet moments,Calm,Very often,No,Must be OFF,Very high,Late night,It depends
23BD034216,Female,300,Flexible/ not particular,Weekly,Lively with some quiet moments,Energetic,Often,Sometimes,Always ON,Very high,Morning,No
22CD038485,Male,400,Comfortable with a bit of clutter,Weekly,Quiet with occasional activity,Calm,Often,No,Always ON,Very high,Morning,It depends
24CF037125,Male,200,Generally tidy,Weekly,Balanced,Calm,Rarely,Yes,Sometimes ON,Low,Late night,It depends
2502556,Female,100,Generally tidy,Daily,Lively with some quiet moments,Very calm,Occasionally,Sometimes,Must be OFF,High,Evening,Yes
21CE033313,Male,500,Comfortable with a bit of clutter,Weekly,Lively with some quiet moments,Energetic,Occasionally,No,Must be OFF,Very high,Evening,It depends
2501177,Female,100,Comfortable with a bit of clutter,Weekly,Balanced,Calm,Very often,Sometimes,Prefer OFF,Medium,Evening,Yes
22CM028525,Male,400,Very organized,A few times a week,Lively with some quiet moments,Very calm,Rarely,No,Must be OFF,Medium,Late night,Yes
22CC031793,Female,400,Generally tidy,A few times a week,Balanced,Energetic,Very often,Sometimes,Must be OFF,Low,Afternoon,It depends
2501514,Female,100,Flexible/ not particular,Occasionally,Lively with some quiet moments,Energetic,Never,No,Prefer OFF,High,Morning,Yes
22CG031839,Female,400,Generally tidy,Occasionally,Quiet with occasional activity,Very calm,Never,No,Always ON,High,Morning,No
24AM032386,Female,200,Flexible/ not particular,Never,Balanced,Very calm,Very often,Yes,Sometimes ON,Low,Late night,No
2502493,Male,100,Flexible/ not particular,Weekly,Balanced,Energetic,Occasionally,Yes,Always ON,Low,Evening,It depends
24CM037292,Male,200,Generally tidy,Occasionally,Lively with some quiet moments,Very calm,Occasionally,No,Must be OFF,Low,Evening,No
23DC039762,Female,300,Flexible/ not particular,Weekly,Lively with some quiet moments,Energetic,Very often,Sometimes,Must be OFF,High,Morning,Yes
22CD032134,Female,400,Very organized,Weekly,Balanced,Very calm,Rarely,Yes,Always ON,High,Afternoon,Yes
23BM031483,Male,300,Generally tidy,A few times a week,Quiet with occasional activity,Calm,Never,Yes,Always ON,Very high,Afternoon,It depends
22CD032145,Female,400,Very organized,Weekly,Balanced,Calm,Occasionally,No,Sometimes ON,High,Evening,No
2501784,Female,100,Generally tidy,Weekly,Balanced,Calm,Very often,Sometimes,Must be OFF,Very high,Afternoon,No
23BD034482,Male,300,Generally tidy,Never,Balanced,Very calm,Very often,Sometimes,Sometimes ON,Low,Morning,It depends
23DC038532,Female,300,Generally tidy,Weekly,Quiet with occasional activity,Calm,Very often,Yes,Prefer OFF,High,Evening,No
21BD030340,Female,500,Generally tidy,A few times a week,Balanced,Very calm,Never,No,Sometimes ON,Low,Late night,No
22CD030287,Male,400,Comfortable with a bit of clutter,Never,Quiet with occasional activity,Energetic,Never,Yes,Must be OFF,Medium,Morning,It depends
22CG031863,Female,400,Very organized,Never,Quiet with occasional activity,Very calm,Very often,Yes,Sometimes ON,High,Late night,It depends
23CM037197,Male,300,Flexible/ not particular,Occasionally,Quiet with occasional activity,Energetic,Never,Yes,Always ON,High,Morning,Yes
24CA032304,Female,200,Flexible/ not particular,Never,Quiet with occasional activity,Energetic,Never,Sometimes,Always ON,High,Late night,No
21CF037577,Female,500,Flexible/ not particular,Daily,Balanced,Energetic,Never,Yes,Always ON,High,Late night,It depends
22AM037560,Male,400,Generally tidy,Daily,Lively with some quiet moments,Calm,Very often,Yes,Always ON,Very high,Morning,Yes
22CH032013,Female,400,Flexible/ not particular,Daily,Lively with some quiet moments,Calm,Rarely,Yes,Sometimes ON,Very high,Late night,It depends
24AM033930,Male,200,Generally tidy,A few times a week,Balanced,Very calm,Never,No,Must be OFF,Very high,Late night,It depends
2502087,Male,100,Very organized,Daily,Quiet with occasional activity,Calm,Rarely,Sometimes,Must be OFF,Very high,Morning,It depends
21AA036348,Male,500,Generally tidy,Weekly,Balanced,Energetic,Never,No,Must be OFF,Very high,Evening,No
22BD029489,Male,400,Generally tidy,Daily,Lively with some quiet moments,Energetic,Never,Sometimes,Always ON,Very high,Afternoon,Yes
21DA028771,Female,500,Comfortable with a bit of clutter,Weekly,Lively with some quiet moments,Calm,Occasionally,No,Prefer OFF,Medium,Afternoon,Yes
23DB029796,Female,300,Very organized,Weekly,Lively with some quiet moments,Very calm,Occasionally,No,Prefer OFF,Low,Evening,Yes
21AA038280,Female,500,Flexible/ not particular,Weekly,Quiet with occasional activity,Very calm,Rarely,No,Must be OFF,High,Morning,Yes
2502401,Female,100,Generally tidy,Occasionally,Quiet with occasional activity,Energetic,Often,Yes,Must be OFF,Very high,Late night,No
24DA039149,Male,200,Comfortable with a bit of clutter,Daily,Balanced,Calm,Very often,Sometimes,Prefer OFF,High,Afternoon,It depends
23AM037771,Female,300,Flexible/ not particular,Daily,Balanced,Very calm,Rarely,No,Sometimes ON,Medium,Evening,It depends
23AB034304,Male,300,Flexible/ not particular,Occasionally,Lively with some quiet moments,Calm,Very often,No,Must be OFF,Low,Late night,No
21AM037763,Male,500,Generally tidy,A few times a week,Balanced,Calm,Very often,Yes,Prefer OFF,High,Late night,No
24BD036669,Male,200,Generally tidy,Daily,Lively with some quiet moments,Very calm,Very often,Yes,Must be OFF,High,Late night,Yes
22CH032006,Female,400,Generally tidy,Weekly,Lively with some quiet moments,Calm,Often,Yes,Always ON,Very high,Morning,It depends
23CD037064,Female,300,Comfortable with a bit of clutter,A few times a week,Quiet with occasional activity,Very calm,Rarely,No,Sometimes ON,Very high,Evening,It depends
23DB028188,Male,300,Generally tidy,Never,Balanced,Energetic,Very often,Sometimes,Always ON,Medium,Morning,No
23CE039808,Female,300,Flexible/ not particular,Never,Lively with some quiet moments,Calm,Never,Yes,Prefer OFF,Medium,Evening,No
22AB039169,Male,400,Comfortable with a bit of clutter,A few times a week,Lively with some quiet moments,Calm,Very often,Yes,Must be OFF,Very high,Afternoon,No
2502434,Female,100,Comfortable with a bit of clutter,Weekly,Quiet with occasional activity,Calm,Occasionally,No,Sometimes ON,Very high,Afternoon,Yes
22DA032371,Male,400,Very organized,Weekly,Quiet with occasional activity,Calm,Often,Yes,Always ON,Low,Morning,No
24DA038501,Female,200,Generally tidy,Daily,Balanced,Calm,Occasionally,Sometimes,Sometimes ON,Very high,Evening,Yes
2502103,Male,100,Comfortable with a bit of clutter,A few times a week,Lively with some quiet moments,Energetic,Never,Yes,Prefer OFF,Very high,Late night,No
21AB032808,Male,500,Very organized,A few times a week,Balanced,Calm,Rarely,Yes,Sometimes ON,High,Evening,No
2501183,Male,100,Comfortable with a bit of clutter,Occasionally,Balanced,Very calm,Very often,Sometimes,Must be OFF,Medium,Morning,It depends
22AA035433,Male,400,Very organized,Weekly,Balanced,Energetic,Often,Yes,Prefer OFF,High,Evening,Yes
23CG039830,Male,300,Flexible/ not particular,A few times a week,Balanced,Calm,Occasionally,No,Always ON,Very high,Morning,Yes
22DC039791,Female,400,Flexible/ not particular,Never,Lively with some quiet moments,Calm,Never,No,Prefer OFF,High,Evening,No
22CD036201,Female,400,Flexible/ not particular,A few times a week,Quiet with occasional activity,Calm,Rarely,No,Sometimes ON,High,Late night,It depends
23DA030927,Female,300,Generally tidy,Daily,Lively with some quiet moments,Calm,Occasionally,Yes,Must be OFF,High,Late night,It depends
22CA029743,Female,400,Comfortable with a bit of clutter,Daily,Lively with some quiet moments,Calm,Occasionally,Sometimes,Prefer OFF,Medium,Morning,Yes
22DB038244,Male,400,Flexible/ not particular,Weekly,Quiet with occasional activity,Calm,Often,Sometimes,Prefer OFF,Low,Late night,It depends
22CD038468,Male,400,Generally tidy,Never,Lively with some quiet moments,Energetic,Very often,Yes,Prefer OFF,Very high,Evening,Yes
23CA037977,Male,300,Comfortable with a bit of clutter,Occasionally,Quiet with occasional activity,Calm,Never,Sometimes,Prefer OFF,High,Afternoon,No
2502921,Male,100,Comfortable with a bit of clutter,Occasionally,Quiet with occasional activity,Energetic,Never,Sometimes,Prefer OFF,Medium,Morning,Yes
23AA034126,Female,300,Comfortable with a bit of clutter,Never,Balanced,Calm,Very often,Sometimes,Must be OFF,High,Evening,It depends
24DA030646,Female,200,Comfortable with a bit of clutter,A few times a week,Lively with some quiet moments,Calm,Never,Sometimes,Prefer OFF,Medium,Late night,It depends
2502277,Male,100,Flexible/ not particular,Daily,Quiet with occasional activity,Very calm,Very often,Yes,Sometimes ON,Very high,Afternoon,It depends
21DA036689,Female,500,Generally tidy,A few times a week,Balanced,Energetic,Very often,No,Prefer OFF,Medium,Afternoon,Yes
2502002,Male,100,Comfortable with a bit of clutter,Daily,Balanced,Calm,Never,No,Must be OFF,High,Morning,It depends
21CB033310,Male,500,Generally tidy,Never,Balanced,Calm,Often,Sometimes,Must be OFF,Low,Evening,Yes
21BD028319,Male,500,Comfortable with a bit of clutter,A few times a week,Balanced,Energetic,Very often,Sometimes,Always ON,High,Evening,It depends
24AB033947,Female,200,Flexible/ not particular,Weekly,Lively with some quiet moments,Calm,Occasionally,No,Must be OFF,Low,Evening,No
24DC033038,Female,200,Generally tidy,Never,Lively with some quiet moments,Calm,Often,No,Sometimes ON,Very high,Morning,Yes
21CM028949,Female,500,Very organized,Occasionally,Balanced,Calm,Often,Sometimes,Prefer OFF,High,Afternoon,No
22CM037295,Female,400,Generally tidy,Weekly,Quiet with occasional activity,Calm,Often,Sometimes,Must be OFF,Low,Evening,Yes
22AB029403,Female,400,Very organized,Weekly,Balanced,Very calm,Never,Sometimes,Prefer OFF,Medium,Evening,Yes
23CF035962,Male,300,Flexible/ not particular,Daily,Quiet with occasional activity,Energetic,Occasionally,Yes,Always ON,Medium,Afternoon,It depends
22DB029133,Male,400,Comfortable with a bit of clutter,A few times a week,Lively with some quiet moments,Calm,Often,Yes,Always ON,High,Evening,Yes
23DA036727,Female,300,Very organized,Weekly,Quiet with occasional activity,Very calm,Rarely,Yes,Sometimes ON,Low,Afternoon,Yes
22DA030060,Female,400,Flexible/ not particular,Weekly,Lively with some quiet moments,Energetic,Often,Sometimes,Must be OFF,Medium,Morning,No
2501408,Male,100,Comfortable with a bit of clutter,Weekly,Lively with some quiet moments,Calm,Often,Yes,Sometimes ON,Very high,Late night,No
2501863,Male,100,Flexible/ not particular,Never,Balanced,Very calm,Rarely,Yes,Prefer OFF,Medium,Evening,Yes
21BD037007,Male,500,Generally tidy,Daily,Balanced,Calm,Very often,No,Always ON,Medium,Evening,Yes
23AA032342,Male,300,Flexible/ not particular,Never,Quiet with occasional activity,Very calm,Very often,No,Prefer OFF,Medium,Afternoon,Yes
24CA037938,Female,200,Very organized,Occasionally,Balanced,Energetic,Never,Sometimes,Always ON,Very high,Afternoon,No
22AM031470,Female,400,Comfortable with a bit of clutter,Never,Quiet with occasional activity,Calm,Occasionally,Yes,Sometimes ON,Very high,Late night,Yes
24DC036835,Female,200,Generally tidy,Weekly,Lively with some quiet moments,Energetic,Rarely,Yes,Always ON,Low,Late night,It depends
24DA039959,Male,200,Very organized,Daily,Lively with some quiet moments,Calm,Never,Sometimes,Always ON,Medium,Morning,No
2502479,Female,100,Generally tidy,Weekly,Quiet with occasional activity,Calm,Never,Sometimes,Always ON,High,Afternoon,It depends
22CF033107,Male,400,Flexible/ not particular,Weekly,Lively with some quiet moments,Energetic,Never,Yes,Sometimes ON,Very high,Late night,It depends
2502255,Female,100,Generally tidy,Occasionally,Balanced,Very calm,Never,Yes,Always ON,Very high,Afternoon,It depends
21AM039004,Male,500,Comfortable with a bit of clutter,Never,Lively with some quiet moments,Very calm,Never,Yes,Always ON,Low,Afternoon,It depends
2502205,Male,100,Generally tidy,Never,Lively with some quiet moments,Energetic,Often,No,Sometimes ON,Very high,Evening,No
21CE034118,Male,500,Flexible/ not particular,Weekly,Balanced,Very calm,Rarely,Yes,Always ON,High,Late night,No
24BD036479,Female,200,Generally tidy,Never,Quiet with occasional activity,Energetic,Very often,Sometimes,Must be OFF,Very high,Afternoon,No
22BD029982,Male,400,Very organized,Never,Quiet with occasional activity,Very calm,Often,No,Always ON,Very high,Morning,It depends
24CM031681,Male,200,Flexible/ not particular,Weekly,Quiet with occasional activity,Energetic,Occasionally,No,Prefer OFF,Medium,Late night,Yes
2501443,Female,100,Generally tidy,A few times a week,Lively with some quiet moments,Energetic,Never,Sometimes,Must be OFF,Very high,Late night,Yes
23AB033539,Female,300,Very organized,Daily,Quiet with occasional activity,Energetic,Rarely,Sometimes,Prefer OFF,High,Morning,It depends
22CG037638,Male,400,Flexible/ not particular,Daily,Lively with some quiet moments,Energetic,Never,No,Must be OFF,Low,Late night,Yes
23CA031770,Female,300,Very organized,Occasionally,Quiet with occasional activity,Very calm,Occasionally,No,Always ON,Medium,Late night,Yes
2502623,Male,100,Comfortable with a bit of clutter,Daily,Lively with some quiet moments,Energetic,Never,Sometimes,Sometimes ON,Medium,Morning,Yes
23CB031608,Female,300,Very organized,A few times a week,Balanced,Very calm,Occasionally,Sometimes,Prefer OFF,High,Morning,Yes
2502847,Female,100,Comfortable with a bit of clutter,A few times a week,Quiet with occasional activity,Very calm,Often,Sometimes,Always ON,Medium,Late night,No
24CG029163,Male,200,Comfortable with a bit of clutter,Never,Lively with some quiet moments,Very calm,Often,Yes,Sometimes ON,Very high,Afternoon,No
24CF038339,Female,200,Very organized,Weekly,Lively with some quiet moments,Very calm,Often,Yes,Always ON,Very high,Evening,It depends
21CG031750,Female,500,Generally tidy,Occasionally,Lively with some quiet moments,Energetic,Never,Yes,Prefer OFF,Medium,Evening,It depends
2502614,Male,100,Generally tidy,Daily,Lively with some quiet moments,Energetic,Very often,No,Always ON,Low,Evening,No
23AB028514,Female,300,Generally tidy,A few times a week,Quiet with occasional activity,Calm,Rarely,Sometimes,Must be OFF,Low,Afternoon,It depends
2501765,Male,100,Generally tidy,Never,Lively with some quiet moments,Very calm,Rarely,Yes,Must be OFF,Low,Evening,Yes
22DB033413,Male,400,Very organized,Occasionally,Balanced,Very calm,Occasionally,Sometimes,Always ON,Very high,Afternoon,Yes
23AB036423,Female,300,Generally tidy,A few times a week,Lively with some quiet moments,Calm,Never,Sometimes,Sometimes ON,High,Late night,No
22CM032562,Male,400,Flexible/ not particular,Daily,Quiet with occasional activity,Very calm,Often,Yes,Must be OFF,Medium,Late night,No
2502684,Male,100,Generally tidy,Weekly,Lively with some quiet moments,Very calm,Very often,Sometimes,Must be OFF,Very high,Morning,No
21CE035953,Male,500,Generally tidy,Never,Quiet with occasional activity,Energetic,Often,Sometimes,Always ON,Low,Afternoon,It depends
21CM036834,Female,500,Comfortable with a bit of clutter,Never,Lively with some quiet moments,Calm,Never,No,Sometimes ON,High,Morning,No
24AA039851,Female,200,Very organized,Occasionally,Quiet with occasional activity,Calm,Rarely,Sometimes,Must be OFF,Low,Late night,No
23DC037355,Female,300,Generally tidy,Occasionally,Lively with some quiet moments,Energetic,Rarely,No,Always ON,Medium,Evening,It depends
21CB035744,Male,500,Very organized,Daily,Balanced,Energetic,Never,No,Prefer OFF,Low,Afternoon,Yes
21CM035749,Male,500,Very organized,A few times a week,Lively with some quiet moments,Energetic,Occasionally,Yes,Must be OFF,Medium,Afternoon,No
22DA034669,Female,400,Very organized,Occasionally,Quiet with occasional activity,Energetic,Never,Sometimes,Always ON,High,Afternoon,Yes
24CM029545,Female,200,Very organized,Never,Quiet with occasional activity,Energetic,Very often,Yes,Always ON,Very high,Late night,Yes
22AB038796,Female,400,Generally tidy,Weekly,Balanced,Calm,Occasionally,No,Must be OFF,High,Afternoon,No
23AM033804,Female,300,Flexible/ not particular,A few times a week,Lively with some quiet moments,Energetic,Rarely,Yes,Prefer OFF,Low,Morning,Yes
21AM034735,Female,500,Very organized,Occasionally,Balanced,Very calm,Often,Sometimes,Must be OFF,Medium,Morning,Yes
2501794,Female,100,Generally tidy,Daily,Quiet with occasional activity,Very calm,Often,Yes,Sometimes ON,Medium,Afternoon,It depends
21BD039945,Female,500,Very organized,A few times a week,Quiet with occasional activity,Very calm,Often,Yes,Always ON,Medium,Afternoon,It depends
2502764,Male,100,Flexible/ not particular,Never,Lively with some quiet moments,Very calm,Very often,Sometimes,Always ON,Medium,Afternoon,Yes
23CG039032,Male,300,Generally tidy,Never,Balanced,Calm,Rarely,No,Prefer OFF,Low,Morning,It depends
2502397,Male,100,Flexible/ not particular,Occasionally,Quiet with occasional activity,Calm,Occasionally,No,Always ON,Medium,Late night,No
21CE038587,Male,500,Generally tidy,Daily,Quiet with occasional activity,Energetic,Very often,Yes,Sometimes ON,Very high,Afternoon,Yes
21AB028993,Female,500,Comfortable with a bit of clutter,Weekly,Balanced,Very calm,Often,Yes,Must be OFF,Low,Late night,No
23AM039931,Female,300,Flexible/ not particular,Occasionally,Lively with some quiet moments,Very calm,Never,No,Prefer OFF,Low,Morning,It depends
21BM029790,Female,500,Generally tidy,A few times a week,Balanced,Very calm,Rarely,Yes,Must be OFF,Medium,Afternoon,Yes
23CM031139,Male,300,Generally tidy,Weekly,Lively with some quiet moments,Very calm,Occasionally,Yes,Always ON,High,Evening,It depends
21CM036786,Male,500,Very organized,A few times a week,Balanced,Calm,Rarely,Sometimes,Always ON,High,Evening,Yes
23BD030296,Female,300,Comfortable with a bit of clutter,Never,Quiet with occasional activity,Calm,Never,Yes,Prefer OFF,Very high,Afternoon,No
21AM031006,Female,500,Comfortable with a bit of clutter,Never,Quiet with occasional activity,Calm,Occasionally,No,Prefer OFF,Low,Evening,It depends
2501435,Male,100,Generally tidy,Weekly,Quiet with occasional activity,Energetic,Occasionally,Yes,Must be OFF,Very high,Afternoon,It depends
21CD035579,Female,500,Comfortable with a bit of clutter,Never,Balanced,Calm,Very often,Yes,Prefer OFF,High,Morning,Yes
2501311,Male,100,Flexible/ not particular,Occasionally,Balanced,Very calm,Very often,Sometimes,Prefer OFF,Medium,Evening,It depends
23CM029235,Female,300,Very organized,Occasionally,Quiet with occasional activity,Calm,Rarely,No,Sometimes ON,Medium,Morning,Yes
23BD037016,Female,300,Comfortable with a bit of clutter,A few times a week,Quiet with occasional activity,Very calm,Occasionally,Sometimes,Always ON,Medium,Morning,Yes
24AB028828,Female,200,Generally tidy,Occasionally,Lively with some quiet moments,Very calm,Rarely,Sometimes,Must be OFF,Medium,Afternoon,No
21CE036856,Female,500,Comfortable with a bit of clutter,Occasionally,Lively with some quiet moments,Calm,Often,Sometimes,Must be OFF,Low,Evening,It depends
2501945,Male,100,Comfortable with a bit of clutter,Daily,Lively with some quiet moments,Energetic,Occasionally,Sometimes,Sometimes ON,Medium,Evening,No
2502352,Male,100,Very organized,Weekly,Quiet with occasional activity,Energetic,Often,No,Always ON,Low,Afternoon,No
22DB028241,Male,400,Generally tidy,Occasionally,Lively with some quiet moments,Calm,Very often,Yes,Sometimes ON,Low,Late night,It depends
23AB031872,Male,300,Comfortable with a bit of clutter,Weekly,Quiet with occasional activity,Calm,Very often,Sometimes,Always ON,Very high,Evening,Yes
22AA034658,Female,400,Generally tidy,Daily,Balanced,Calm,Often,Yes,Must be OFF,Low,Morning,It depends
24BD035886,Male,200,Comfortable with a bit of clutter,Occasionally,Balanced,Very calm,Occasionally,No,Prefer OFF,Medium,Afternoon,Yes
22CM034570,Male,400,Comfortable with a bit of clutter,Never,Quiet with occasional activity,Energetic,Occasionally,Sometimes,Must be OFF,High,Evening,No
2502740,Female,100,Flexible/ not particular,Weekly,Lively with some quiet moments,Very calm,Never,No,Sometimes ON,High,Afternoon,Yes
2502161,Female,100,Generally tidy,Weekly,Quiet with occasional activity,Energetic,Often,No,Prefer OFF,Low,Morning,Yes
23AA034209,Female,300,Flexible/ not particular,Occasionally,Balanced,Very calm,Rarely,Yes,Prefer OFF,High,Evening,Yes
22CG034396,Male,400,Generally tidy,Occasionally,Balanced,Calm,Occasionally,Sometimes,Always ON,High,Late night,It depends
22CD035454,Female,400,Generally tidy,Daily,Balanced,Calm,Very often,Sometimes,Must be OFF,Low,Late night,No
2501693,Male,100,Flexible/ not particular,Never,Balanced,Calm,Often,No,Prefer OFF,Low,Evening,No
23CD034930,Male,300,Comfortable with a bit of clutter,A few times a week,Lively with some quiet moments,Energetic,Rarely,Yes,Sometimes ON,High,Evening,It depends
2501169,Female,100,Comfortable with a bit of clutter,Daily,Balanced,Energetic,Often,Yes,Must be OFF,Very high,Late night,It depends
21CF039968,Male,500,Comfortable with a bit of clutter,Daily,Quiet with occasional activity,Very calm,Never,No,Sometimes ON,Very high,Late night,Yes
21DA037105,Female,500,Flexible/ not particular,Occasionally,Lively with some quiet moments,Calm,Often,Sometimes,Prefer OFF,Medium,Afternoon,No
2502939,Female,100,Flexible/ not particular,Daily,Balanced,Very calm,Very often,No,Prefer OFF,Low,Afternoon,Yes
23CE039770,Male,300,Flexible/ not particular,A few times a week,Lively with some quiet moments,Energetic,Occasionally,Yes,Prefer OFF,High,Evening,No
22BD030536,Female,400,Flexible/ not particular,Occasionally,Lively with some quiet moments,Energetic,Often,No,Must be OFF,Low,Evening,Yes
21CM032861,Female,500,Flexible/ not particular,A few times a week,Balanced,Calm,Often,No,Prefer OFF,Medium,Morning,Yes
2502467,Female,100,Very organized,Occasionally,Lively with some quiet moments,Very calm,Never,No,Sometimes ON,Medium,Afternoon,It depends
24CG037489,Male,200,Generally tidy,A few times a week,Balanced,Calm,Rarely,No,Always ON,Very high,Late night,No
2502082,Female,100,Comfortable with a bit of clutter,Daily,Quiet with occasional activity,Calm,Rarely,No,Always ON,Low,Evening,Yes
22CG033138,Male,400,Very organized,Occasionally,Balanced,Energetic,Occasionally,Sometimes,Always ON,Low,Late night,Yes
23CG028821,Female,300,Very organized,Weekly,Lively with some quiet moments,Calm,Never,Sometimes,Always ON,Very high,Evening,No
22CB035811,Male,400,Generally tidy,A few times a week,Quiet with occasional activity,Energetic,Often,Yes,Always ON,Low,Late night,No
2502387,Male,100,Flexible/ not particular,Never,Lively with some quiet moments,Energetic,Rarely,Sometimes,Always ON,Medium,Afternoon,It depends
24DC036701,Female,200,Very organized,A few times a week,Quiet with occasional activity,Very calm,Never,No,Sometimes ON,Medium,Evening,It depends
24AA028931,Male,200,Comfortable with a bit of clutter,Occasionally,Lively with some quiet moments,Energetic,Often,Sometimes,Prefer OFF,Very high,Afternoon,It depends
24CA029312,Male,200,Very organized,Occasionally,Balanced,Very calm,Occasionally,No,Sometimes ON,Medium,Evening,Yes
23DB031044,Male,300,Generally tidy,Occasionally,Lively with some quiet moments,Energetic,Often,Sometimes,Must be OFF,High,Late night,No
2502586,Male,100,Flexible/ not particular,Weekly,Quiet with occasional activity,Very calm,Occasionally,No,Sometimes ON,Very high,Evening,It depends
22CB029113,Male,400,Very organized,A few times a week,Quiet with occasional activity,Very calm,Often,No,Must be OFF,Low,Evening,Yes
21CE031853,Male,500,Flexible/ not particular,Daily,Balanced,Calm,Often,Sometimes,Prefer OFF,Medium,Evening,It depends
22AM029964,Male,400,Flexible/ not particular,Weekly,Quiet with occasional activity,Very calm,Rarely,Sometimes,Sometimes ON,High,Late night,Yes
21DC037333,Male,500,Generally tidy,Occasionally,Quiet with occasional activity,Very calm,Occasionally,No,Always ON,High,Afternoon,No
21CM037485,Male,500,Generally tidy,Never,Lively with some quiet moments,Energetic,Rarely,Yes,Must be OFF,Very high,Late night,No
2501179,Female,100,Comfortable with a bit of clutter,Daily,Balanced,Very calm,Rarely,Yes,Must be OFF,Medium,Evening,It depends
22CG038147,Male,400,Very organized,Occasionally,Quiet with occasional activity,Calm,Very often,Yes,Prefer OFF,Low,Evening,Yes
22AB034868,Female,400,Generally tidy,Weekly,Quiet with occasional activity,Very calm,Rarely,No,Must be OFF,Medium,Afternoon,Yes
22CE037562,Female,400,Generally tidy,Never,Lively with some quiet moments,Calm,Occasionally,Sometimes,Always ON,Very high,Evening,No
21CB036565,Male,500,Very organized,Weekly,Lively with some quiet moments,Energetic,Never,Sometimes,Must be OFF,High,Evening,Yes
21BM032272,Female,500,Generally tidy,Occasionally,Lively with some quiet moments,Calm,Occasionally,No,Must be OFF,Medium,Morning,Yes
23CM038972,Male,300,Flexible/ not particular,Occasionally,Quiet with occasional activity,Energetic,Never,No,Sometimes ON,High,Evening,Yes
22CF033147,Male,400,Flexible/ not particular,Occasionally,Balanced,Calm,Rarely,Yes,Sometimes ON,Medium,Afternoon,It depends
2501960,Female,100,Generally tidy,Daily,Lively with some quiet moments,Energetic,Very often,No,Prefer OFF,High,Evening,It depends
23CD034484,Female,300,Very organized,Weekly,Balanced,Calm,Often,Yes,Always ON,Low,Evening,No
23AA039004,Male,300,Flexible/ not particular,Daily,Lively with some quiet moments,Energetic,Very often,Sometimes,Sometimes ON,Medium,Afternoon,Yes
2501647,Male,100,Very organized,Occasionally,Balanced,Very calm,Often,Sometimes,Sometimes ON,Medium,Afternoon,Yes
24CD035491,Female,200,Very organized,Never,Balanced,Energetic,Very often,Yes,Sometimes ON,High,Evening,Yes
23BM029188,Female,300,Comfortable with a bit of clutter,A few times a week,Quiet with occasional activity,Energetic,Never,Sometimes,Must be OFF,Medium,Late night,No
21CG035508,Male,500,Very organized,Occasionally,Lively with some quiet moments,Energetic,Never,Yes,Always ON,Medium,Late night,No
22CB037224,Female,400,Very organized,Occasionally,Lively with some quiet moments,Very calm,Never,Sometimes,Always ON,Very high,Late night,Yes
23AB029200,Male,300,Flexible/ not particular,Never,Quiet with occasional activity,Energetic,Rarely,Yes,Always ON,High,Late night,Yes
21CA031492,Male,500,Generally tidy,Daily,Lively with some quiet moments,Energetic,Occasionally,Sometimes,Prefer OFF,Medium,Afternoon,It depends
24CA032345,Male,200,Generally tidy,A few times a week,Lively with some quiet moments,Very calm,Never,Yes,Always ON,Medium,Evening,Yes
22AA033718,Female,400,Flexible/ not particular,Occasionally,Lively with some quiet moments,Very calm,Rarely,Sometimes,Prefer OFF,Low,Morning,Yes
2501824,Female,100,Flexible/ not particular,Never,Balanced,Energetic,Very often,Yes,Always ON,Medium,Evening,Yes
24DC032002,Male,200,Flexible/ not particular,Daily,Lively with some quiet moments,Very calm,Never,Sometimes,Sometimes ON,Medium,Late night,No
21BM032669,Male,500,Flexible/ not particular,Weekly,Lively with some quiet moments,Very calm,Often,Yes,Prefer OFF,High,Late night,No
23AA035179,Female,300,Very organized,Occasionally,Balanced,Calm,Rarely,Yes,Always ON,Low,Evening,It depends
23DB036900,Female,300,Generally tidy,Never,Quiet with occasional activity,Energetic,Very often,No,Sometimes ON,High,Morning,Yes
22CF032956,Female,400,Very organized,A few times a week,Balanced,Calm,Very often,Sometimes,Always ON,Very high,Morning,No
24CB038714,Male,200,Flexible/ not particular,Weekly,Quiet with occasional activity,Calm,Occasionally,No,Prefer OFF,Low,Evening,It depends
24CA028128,Female,200,Generally tidy,A few times a week,Lively with some quiet moments,Energetic,Occasionally,Yes,Must be OFF,High,Evening,No
21CE037086,Male,500,Flexible/ not particular,Occasionally,Lively with some quiet moments,Calm,Rarely,Sometimes,Prefer OFF,Very high,Morning,It depends
24CD038868,Male,200,Flexible/ not particular,Daily,Lively with some quiet moments,Very calm,Often,Yes,Always ON,Low,Evening,Yes
21AB030200,Male,500,Comfortable with a bit of clutter,A few times a week,Lively with some quiet moments,Energetic,Often,No,Prefer OFF,Very high,Evening,Yes
24CD029891,Male,200,Comfortable with a bit of clutter,Weekly,Balanced,Calm,Occasionally,No,Sometimes ON,Low,Late night,Yes
23DC029753,Female,300,Comfortable with a bit of clutter,A few times a week,Lively with some quiet moments,Energetic,Never,Sometimes,Sometimes ON,High,Late night,It depends
22CF037064,Female,400,Generally tidy,Occasionally,Quiet with occasional activity,Very calm,Occasionally,Yes,Must be OFF,Very high,Late night,No
2501087,Male,100,Very organized,Never,Quiet with occasional activity,Very calm,Occasionally,Yes,Sometimes ON,Low,Evening,Yes
23CD032616,Male,300,Very organized,A few times a week,Quiet with occasional activity,Energetic,Occasionally,Yes,Prefer OFF,Low,Morning,Yes
21CB031450,Female,500,Generally tidy,Never,Quiet with occasional activity,Calm,Very often,Yes,Prefer OFF,Very high,Evening,No
22CF033617,Male,400,Flexible/ not particular,Occasionally,Quiet with occasional activity,Energetic,Occasionally,Yes,Always ON,Low,Morning,Yes
22CM039263,Male,400,Comfortable with a bit of clutter,Occasionally,Lively with some quiet moments,Energetic,Very often,Yes,Always ON,Low,Late night,It depends
22CE032325,Male,400,Very organized,Weekly,Lively with some quiet moments,Calm,Often,Yes,Must be OFF,Very high,Afternoon,No
24CA036004,Female,200,Flexible/ not particular,Weekly,Lively with some quiet moments,Calm,Occasionally,Sometimes,Always ON,Very high,Afternoon,No
21CD028832,Female,500,Very organized,Never,Lively with some quiet moments,Very calm,Very often,No,Must be OFF,Low,Afternoon,It depends
23AB038392,Male,300,Very organized,Occasionally,Quiet with occasional activity,Very calm,Often,Sometimes,Prefer OFF,Low,Afternoon,Yes
22AM032533,Male,400,Very organized,Daily,Balanced,Very calm,Never,No,Must be OFF,High,Late night,Yes
22CG028058,Male,400,Generally tidy,Never,Quiet with occasional activity,Calm,Rarely,Yes,Prefer OFF,High,Evening,It depends
22BM030143,Male,400,Generally tidy,Daily,Balanced,Very calm,Very often,Yes,Must be OFF,Medium,Morning,Yes
24CE032291,Male,200,Generally tidy,Weekly,Lively with some quiet moments,Calm,Very often,Yes,Must be OFF,Medium,Late night,No
21AA035239,Female,500,Comfortable with a bit of clutter,Occasionally,Balanced,Energetic,Often,No,Always ON,Medium,Afternoon,No
23CA039561,Male,300,Flexible/ not particular,A few times a week,Lively with some quiet moments,Very calm,Often,Yes,Must be OFF,Medium,Late night,No
2501551,Female,100,Generally tidy,Weekly,Lively with some quiet moments,Energetic,Occasionally,Sometimes,Sometimes ON,Medium,Morning,Yes
22CA028158,Male,400,Flexible/ not particular,Occasionally,Quiet with occasional activity,Energetic,Rarely,No,Prefer OFF,Low,Morning,It depends
22AB029232,Female,400,Generally tidy,Occasionally,Balanced,Calm,Never,Yes,Always ON,High,Morning,Yes
22DC039321,Female,400,Very organized,Occasionally,Lively with some quiet moments,Very calm,Very often,Sometimes,Sometimes ON,Very high,Late night,It depends
24DC030442,Female,200,Generally tidy,Weekly,Lively with some quiet moments,Very calm,Occasionally,Yes,Always ON,Medium,Afternoon,It depends
21CA028590,Male,500,Very organized,Daily,Lively with some quiet moments,Energetic,Often,Sometimes,Must be OFF,High,Afternoon,It depends
23DB034049,Female,300,Generally tidy,Never,Quiet with occasional activity,Calm,Often,Sometimes,Prefer OFF,Very high,Afternoon,It depends
23CB037052,Male,300,Generally tidy,Weekly,Balanced,Very calm,Very often,Sometimes,Must be OFF,High,Late night,Yes
21AA035041,Male,500,Very organized,Never,Lively with some quiet moments,Calm,Often,Sometimes,Always ON,Medium,Late night,Yes
21AA028685,Female,500,Very organized,Never,Lively with some quiet moments,Energetic,Often,Sometimes,Sometimes ON,Very high,Late night,No
24CD033974,Male,200,Comfortable with a bit of clutter,A few times a week,Quiet with occasional activity,Energetic,Occasionally,Sometimes,Prefer OFF,Low,Evening,No
21DC028653,Female,500,Comfortable with a bit of clutter,Weekly,Lively with some quiet moments,Very calm,Often,No,Sometimes ON,Very high,Late night,Yes
24DC033862,Female,200,Flexible/ not particular,Occasionally,Balanced,Very calm,Very often,Yes,Sometimes ON,Medium,Afternoon,It depends
21CM039174,Male,500,Generally tidy,A few times a week,Lively with some quiet moments,Very calm,Occasionally,Yes,Sometimes ON,High,Morning,It depends
24CM038927,Female,200,Comfortable with a bit of clutter,A few times a week,Lively with some quiet moments,Energetic,Rarely,No,Sometimes ON,High,Evening,It depends
21AB033794,Female,500,Generally tidy,Occasionally,Quiet with occasional activity,Calm,Very often,Sometimes,Must be OFF,Low,Afternoon,No
23DA037173,Female,300,Generally tidy,Never,Lively with some quiet moments,Very calm,Rarely,Yes,Prefer OFF,Medium,Late night,It depends
2502142,Female,100,Flexible/ not particular,Never,Balanced,Energetic,Rarely,Sometimes,Always ON,High,Afternoon,It depends
21CB030532,Female,500,Very organized,A few times a week,Quiet with occasional activity,Very calm,Rarely,Sometimes,Must be OFF,Low,Late night,Yes
21DC031878,Female,500,Comfortable with a bit of clutter,A few times a week,Quiet with occasional activity,Energetic,Never,Yes,Must be OFF,High,Morning,No
21DB030662,Female,500,Flexible/ not particular,A few times a week,Balanced,Energetic,Never,Yes,Prefer OFF,Very high,Morning,No
23DA030900,Male,300,Flexible/ not particular,Never,Quiet with occasional activity,Very calm,Very often,Sometimes,Prefer OFF,Low,Late night,No
2501015,Female,100,Very organized,A few times a week,Lively with some quiet moments,Energetic,Occasionally,No,Always ON,Very high,Afternoon,It depends
21CG030938,Female,500,Flexible/ not particular,A few times a week,Lively with some quiet moments,Calm,Rarely,Sometimes,Prefer OFF,Very high,Evening,Yes
23CF033442,Male,300,Flexible/ not particular,Occasionally,Lively with some quiet moments,Very calm,Never,Yes,Always ON,Low,Afternoon,No
24DA034745,Male,200,Generally tidy,Never,Quiet with occasional activity,Very calm,Often,Yes,Always ON,Very high,Afternoon,It depends
2501870,Female,100,Flexible/ not particular,Occasionally,Quiet with occasional activity,Very calm,Never,No,Sometimes ON,Very high,Morning,Yes
23DB032065,Male,300,Very organized,Occasionally,Lively with some quiet moments,Calm,Never,No,Must be OFF,Low,Evening,Yes
21CD030608,Male,500,Generally tidy,Weekly,Balanced,Calm,Often,Yes,Sometimes ON,Very high,Evening,It depends
24DA039489,Female,200,Flexible/ not particular,A few times a week,Balanced,Calm,Rarely,Sometimes,Sometimes ON,Low,Late night,It depends
22AB034267,Male,400,Generally tidy,Never,Balanced,Calm,Often,No,Sometimes ON,Medium,Afternoon,It depends
2501417,Male,100,Very organized,Daily,Lively with some quiet moments,Calm,Often,Sometimes,Must be OFF,Very high,Morning,It depends
24DB035711,Female,200,Generally tidy,Weekly,Lively with some quiet moments,Energetic,Rarely,Sometimes,Always ON,Very high,Afternoon,No
22CM031269,Female,400,Flexible/ not particular,Occasionally,Lively with some quiet moments,Very calm,Often,No,Always ON,High,Morning,No
24DB035541,Male,200,Comfortable with a bit of clutter,Weekly,Quiet with occasional activity,Energetic,Occasionally,No,Must be OFF,Very high,Afternoon,It depends
24BM033000,Female,200,Comfortable with a bit of clutter,Weekly,Quiet with occasional activity,Calm,Never,Sometimes,Must be OFF,Medium,Late night,It depends
22DB031728,Male,400,Generally tidy,Never,Quiet with occasional activity,Very calm,Often,Sometimes,Must be OFF,Very high,Late night,No
21CM028387,Male,500,Generally tidy,Never,Lively with some quiet moments,Calm,Never,Sometimes,Must be OFF,High,Afternoon,Yes
2501742,Male,100,Flexible/ not particular,A few times a week,Balanced,Energetic,Never,Sometimes,Prefer OFF,Medium,Late night,No
24CM034528,Female,200,Flexible/ not particular,A few times a week,Lively with some quiet moments,Calm,Occasionally,Yes,Always ON,Very high,Evening,It depends
23BM032564,Female,300,Flexible/ not particular,Weekly,Lively with some quiet moments,Calm,Often,No,Must be OFF,Medium,Afternoon,It depends
22DB029137,Male,400,Comfortable with a bit of clutter,Daily,Lively with some quiet moments,Energetic,Occasionally,Yes,Always ON,Low,Afternoon,No
21DA032573,Male,500,Generally tidy,Weekly,Lively with some quiet moments,Energetic,Rarely,No,Prefer OFF,High,Late night,No
23BM038510,Female,300,Generally tidy,A few times a week,Balanced,Very calm,Occasionally,No,Prefer OFF,High,Late night,No
2502911,Female,100,Generally tidy,Daily,Balanced,Very calm,Often,Yes,Always ON,Low,Morning,It depends
21AM039133,Female,500,Very organized,A few times a week,Lively with some quiet moments,Energetic,Often,No,Must be OFF,Low,Morning,Yes
24DB036785,Female,200,Very organized,Weekly,Lively with some quiet moments,Calm,Rarely,Sometimes,Must be OFF,Low,Evening,No
23BM028452,Female,300,Flexible/ not particular,Occasionally,Quiet with occasional activity,Very calm,Rarely,No,Sometimes ON,Very high,Evening,It depends
22AB032279,Female,400,Flexible/ not particular,Never,Lively with some quiet moments,Very calm,Often,Yes,Must be OFF,Low,Late night,Yes
21AA037512,Female,500,Comfortable with a bit of clutter,Weekly,Balanced,Very calm,Never,Yes,Sometimes ON,Medium,Late night,It depends
22CD028626,Male,400,Very organized,Daily,Quiet with occasional activity,Energetic,Often,Sometimes,Always ON,High,Late night,No
24AB037774,Female,200,Generally tidy,Weekly,Balanced,Very calm,Often,No,Prefer OFF,Low,Evening,It depends
23AM033663,Female,300,Comfortable with a bit of clutter,Never,Lively with some quiet moments,Very calm,Rarely,Sometimes,Always ON,Low,Morning,Yes
2502094,Male,100,Very organized,Weekly,Balanced,Calm,Never,No,Always ON,Low,Late night,Yes
24AM037932,Male,200,Very organized,Daily,Balanced,Energetic,Never,No,Must be OFF,Low,Evening,It depends
24CA029894,Female,200,Very organized,Daily,Balanced,Calm,Rarely,Sometimes,Sometimes ON,High,Late night,Yes
2501165,Female,100,Very organized,A few times a week,Quiet with occasional activity,Energetic,Never,Yes,Sometimes ON,Very high,Evening,It depends
22DC037446,Male,400,Generally tidy,A few times a week,Balanced,Very calm,Often,No,Sometimes ON,Medium,Evening,Yes
23CM032173,Female,300,Flexible/ not particular,Daily,Lively with some quiet moments,Calm,Occasionally,No,Must be OFF,Low,Late night,No
2501946,Male,100,Generally tidy,Never,Lively with some quiet moments,Energetic,Never,Sometimes,Must be OFF,High,Morning,Yes
24CF035144,Female,200,Generally tidy,Daily,Lively with some quiet moments,Very calm,Often,Sometimes,Must be OFF,Low,Afternoon,It depends
24CG036518,Male,200,Flexible/ not particular,Never,Quiet with occasional activity,Very calm,Occasionally,No,Always ON,Low,Late night,Yes
23DC036821,Male,300,Very organized,A few times a week,Lively with some quiet moments,Very calm,Never,Sometimes,Must be OFF,Very high,Evening,It depends
2502062,Female,100,Comfortable with a bit of clutter,Never,Balanced,Energetic,Often,No,Always ON,High,Morning,Yes
23CM033967,Female,300,Comfortable with a bit of clutter,Never,Quiet with occasional activity,Very calm,Occasionally,Yes,Sometimes ON,High,Morning,No
21AM029146,Male,500,Generally tidy,Weekly,Balanced,Calm,Rarely,Sometimes,Prefer OFF,Medium,Morning,No
21CE033409,Male,500,Very organized,A few times a week,Balanced,Calm,Very often,No,Prefer OFF,High,Late night,No
24CB033143,Male,200,Flexible/ not particular,Never,Lively with some quiet moments,Energetic,Often,Sometimes,Sometimes ON,Low,Morning,No
22CE030041,Male,400,Generally tidy,Weekly,Lively with some quiet moments,Energetic,Never,No,Prefer OFF,Very high,Afternoon,It depends
23CF032920,Female,300,Very organized,Weekly,Balanced,Very calm,Often,Yes,Must be OFF,Medium,Morning,It depends
21CA033067,Female,500,Flexible/ not particular,Weekly,Quiet with occasional activity,Calm,Rarely,Sometimes,Always ON,High,Afternoon,No
2502843,Male,100,Generally tidy,A few times a week,Lively with some quiet moments,Energetic,Often,No,Prefer OFF,Very high,Late night,Yes
22AM033344,Female,400,Flexible/ not particular,A few times a week,Quiet with occasional activity,Energetic,Occasionally,Yes,Always ON,Very high,Morning,Yes
21AM039423,Female,500,Comfortable with a bit of clutter,Daily,Quiet with occasional activity,Energetic,Rarely,Yes,Sometimes ON,Medium,Morning,Yes
22CD037083,Female,400,Generally tidy,Weekly,Balanced,Energetic,Occasionally,No,Must be OFF,Medium,Afternoon,No
24AA031143,Male,200,Very organized,Never,Balanced,Energetic,Very often,Sometimes,Always ON,Medium,Afternoon,No
2501405,Male,100,Very organized,Weekly,Balanced,Calm,Very often,No,Prefer OFF,Low,Afternoon,It depends
22CE034211,Male,400,Generally tidy,Never,Balanced,Very calm,Often,No,Always ON,Medium,Evening,It depends
21CE030851,Male,500,Generally tidy,Daily,Balanced,Energetic,Often,Yes,Always ON,Medium,Evening,It depends
23CB037324,Female,300,Generally tidy,Never,Lively with some quiet moments,Energetic,Occasionally,Yes,Sometimes ON,Medium,Morning,Yes
2502240,Male,100,Generally tidy,Never,Balanced,Energetic,Often,Yes,Prefer OFF,High,Evening,Yes
22AM036977,Female,400,Generally tidy,A few times a week,Balanced,Energetic,Very often,No,Always ON,Very high,Evening,It depends
2501947,Female,100,Flexible/ not particular,Weekly,Lively with some quiet moments,Energetic,Rarely,Yes,Must be OFF,Low,Evening,Yes
24CD032700,Male,200,Comfortable with a bit of clutter,Weekly,Quiet with occasional activity,Calm,Never,No,Must be OFF,Very high,Afternoon,It depends
22CM035043,Male,400,Flexible/ not particular,Daily,Balanced,Calm,Occasionally,No,Always ON,Very high,Evening,No
21DA037502,Male,500,Very organized,Weekly,Balanced,Calm,Often,Sometimes,Sometimes ON,Low,Afternoon,It depends
2501105,Female,100,Flexible/ not particular,Weekly,Lively with some quiet moments,Very calm,Often,Sometimes,Prefer OFF,Medium,Afternoon,Yes
23CE033279,Female,300,Comfortable with a bit of clutter,Occasionally,Quiet with occasional activity,Energetic,Rarely,Yes,Prefer OFF,Very high,Morning,It depends
22BD035238,Female,400,Flexible/ not particular,Weekly,Balanced,Calm,Very often,Yes,Always ON,Medium,Evening,It depends
2501732,Male,100,Generally tidy,Never,Quiet with occasional activity,Energetic,Rarely,No,Always ON,Medium,Morning,No
22CE031501,Female,400,Generally tidy,Daily,Balanced,Energetic,Never,Yes,Sometimes ON,Medium,Morning,No
24CA035752,Female,200,Flexible/ not particular,Never,Quiet with occasional activity,Calm,Often,Yes,Sometimes ON,Low,Afternoon,No
22DA030780,Female,400,Very organized,Daily,Lively with some quiet moments,Very calm,Occasionally,No,Must be OFF,Low,Afternoon,No
21CE029389,Male,500,Flexible/ not particular,Weekly,Quiet with occasional activity,Very calm,Occasionally,Sometimes,Sometimes ON,High,Afternoon,It depends
2501264,Female,100,Generally tidy,A few times a week,Balanced,Very calm,Often,No,Prefer OFF,High,Late night,Yes
22CA038876,Female,400,Comfortable with a bit of clutter,Weekly,Lively with some quiet moments,Energetic,Very often,No,Must be OFF,Very high,Morning,It depends
22CE038145,Female,400,Very organized,Daily,Lively with some quiet moments,Calm,Rarely,Yes,Sometimes ON,Low,Late night,It depends
24BM029530,Female,200,Comfortable with a bit of clutter,A few times a week,Quiet with occasional activity,Energetic,Often,Yes,Always ON,Low,Morning,No
23DB031848,Male,300,Generally tidy,Never,Balanced,Energetic,Never,Yes,Must be OFF,Medium,Morning,Yes
22CE033085,Female,400,Very organized,A few times a week,Lively with some quiet moments,Very calm,Rarely,Sometimes,Always ON,Medium,Afternoon,Yes
21CM031262,Male,500,Flexible/ not particular,Occasionally,Lively with some quiet moments,Energetic,Occasionally,Yes,Prefer OFF,Low,Morning,No
22AA028400,Female,400,Very organized,A few times a week,Quiet with occasional activity,Calm,Often,Sometimes,Must be OFF,Very high,Morning,Yes
23CG032011,Male,300,Very organized,Weekly,Quiet with occasional activity,Very calm,Rarely,Yes,Sometimes ON,Very high,Evening,It depends
23BD038015,Female,300,Comfortable with a bit of clutter,A few times a week,Quiet with occasional activity,Very calm,Often,Sometimes,Always ON,Very high,Evening,No
24DB029193,Female,200,Flexible/ not particular,Never,Quiet with occasional activity,Calm,Never,Sometimes,Sometimes ON,High,Evening,No
24BD034790,Male,200,Flexible/ not particular,A few times a week,Quiet with occasional activity,Energetic,Often,No,Must be OFF,Very high,Evening,Yes
2501442,Female,100,Flexible/ not particular,Occasionally,Quiet with occasional activity,Very calm,Often,No,Must be OFF,Very high,Evening,It depends
22CB031185,Female,400,Very organized,Daily,Balanced,Calm,Never,No,Must be OFF,Low,Morning,Yes
23CF039409,Male,300,Flexible/ not particular,Never,Balanced,Very calm,Never,Sometimes,Prefer OFF,Medium,Morning,Yes
23AM036099,Male,300,Very organized,Never,Lively with some quiet moments,Calm,Never,No,Always ON,High,Late night,No
23AM031997,Female,300,Generally tidy,A few times a week,Quiet with occasional activity,Calm,Never,Yes,Must be OFF,High,Afternoon,It depends
22AA038748,Female,400,Flexible/ not particular,Never,Quiet with occasional activity,Energetic,Rarely,No,Sometimes ON,Very high,Evening,No
24CF028090,Male,200,Generally tidy,Never,Balanced,Very calm,Often,No,Prefer OFF,High,Afternoon,It depends
21DC029746,Female,500,Comfortable with a bit of clutter,A few times a week,Lively with some quiet moments,Very calm,Never,Sometimes,Prefer OFF,High,Evening,No
23DA034965,Female,300,Generally tidy,Daily,Quiet with occasional activity,Calm,Very often,Yes,Sometimes ON,Very high,Evening,No
22CM030881,Male,400,Generally tidy,Weekly,Lively with some quiet moments,Energetic,Occasionally,No,Sometimes ON,Low,Morning,No
22DA039401,Male,400,Comfortable with a bit of clutter,Weekly,Quiet with occasional activity,Calm,Very often,Sometimes,Always ON,Low,Morning,It depends
2502950,Male,100,Comfortable with a bit of clutter,Never,Quiet with occasional activity,Very calm,Often,Yes,Must be OFF,Very high,Afternoon,No
22BD028822,Female,400,Flexible/ not particular,Daily,Balanced,Very calm,Rarely,No,Must be OFF,High,Late night,Yes
2502885,Male,100,Comfortable with a bit of clutter,A few times a week,Lively with some quiet moments,Calm,Rarely,No,Prefer OFF,Low,Late night,It depends
24CM029988,Female,200,Flexible/ not particular,Occasionally,Lively with some quiet moments,Energetic,Very often,No,Sometimes ON,Low,Evening,No
21BD030184,Female,500,Flexible/ not particular,Occasionally,Balanced,Calm,Very often,No,Must be OFF,Very high,Evening,Yes
21DA035612,Male,500,Generally tidy,Daily,Quiet with occasional activity,Energetic,Occasionally,Yes,Prefer OFF,Low,Late night,Yes
24CE036702,Female,200,Flexible/ not particular,Occasionally,Quiet with occasional activity,Energetic,Very often,Sometimes,Prefer OFF,High,Morning,It depends
21CA037755,Male,500,Flexible/ not particular,Occasionally,Lively with some quiet moments,Very calm,Often,No,Must be OFF,Medium,Morning,No
21BM035251,Female,500,Comfortable with a bit of clutter,A few times a week,Lively with some quiet moments,Energetic,Rarely,Sometimes,Must be OFF,High,Afternoon,It depends
22CB039784,Male,400,Flexible/ not particular,Occasionally,Quiet with occasional activity,Calm,Occasionally,Sometimes,Prefer OFF,High,Afternoon,No
22DC036270,Male,400,Comfortable with a bit of clutter,Never,Quiet with occasional activity,Very calm,Rarely,Yes,Sometimes ON,Very high,Morning,Yes
21AM036976,Female,500,Flexible/ not particular,Never,Balanced,Very calm,Never,Sometimes,Must be OFF,High,Evening,Yes
22BD030607,Male,400,Generally tidy,Weekly,Balanced,Calm,Often,Yes,Sometimes ON,High,Late night,Yes
23CF035777,Male,300,Comfortable with a bit of clutter,Occasionally,Balanced,Calm,Occasionally,No,Sometimes ON,Medium,Late night,It depends
24BD032246,Male,200,Flexible/ not particular,Occasionally,Quiet with occasional activity,Energetic,Very often,Yes,Must be OFF,Low,Morning,Yes
23DA032050,Male,300,Very organized,A few times a week,Lively with some quiet moments,Energetic,Never,Yes,Prefer OFF,Very high,Late night,No
22DB038447,Male,400,Very organized,Weekly,Balanced,Calm,Very often,Yes,Always ON,Medium,Late night,Yes
23CD036540,Male,300,Very organized,Occasionally,Balanced,Calm,Occasionally,No,Prefer OFF,Very high,Afternoon,It depends
23BD038268,Male,300,Flexible/ not particular,Occasionally,Balanced,Calm,Never,Yes,Sometimes ON,Medium,Late night,Yes
23CM032499,Male,300,Very organized,Never,Lively with some quiet moments,Very calm,Rarely,No,Prefer OFF,High,Morning,No
21BD029269,Male,500,Very organized,Weekly,Balanced,Calm,Never,No,Always ON,High,Morning,Yes
24CF032681,Male,200,Flexible/ not particular,A few times a week,Quiet with occasional activity,Energetic,Never,No,Prefer OFF,Medium,Evening,Yes
2502464,Female,100,Flexible/ not particular,Occasionally,Quiet with occasional activity,Very calm,Often,Yes,Sometimes ON,Low,Afternoon,No
22CD033502,Female,400,Very organized,A few times a week,Lively with some quiet moments,Calm,Often,Sometimes,Sometimes ON,Very high,Afternoon,It depends
2501329,Male,100,Flexible/ not particular,Daily,Balanced,Very calm,Often,Sometimes,Sometimes ON,Low,Afternoon,It depends
21DC036849,Female,500,Generally tidy,A few times a week,Lively with some quiet moments,Energetic,Often,No,Must be OFF,Low,Evening,It depends
22AB030267,Male,400,Very organized,Weekly,Balanced,Energetic,Rarely,Sometimes,Must be OFF,Very high,Evening,It depends
2502530,Female,100,Flexible/ not particular,Daily,Balanced,Energetic,Often,Sometimes,Always ON,High,Late night,Yes
23CM034275,Male,300,Very organized,Occasionally,Lively with some quiet moments,Energetic,Never,Sometimes,Always ON,Very high,Evening,It depends
23CF030503,Male,300,Generally tidy,Weekly,Lively with some quiet moments,Very calm,Very often,No,Must be OFF,Low,Morning,Yes
23CF031505,Male,300,Flexible/ not particular,Weekly,Lively with some quiet moments,Energetic,Never,No,Always ON,High,Afternoon,Yes
2502621,Male,100,Flexible/ not particular,Never,Balanced,Very calm,Often,No,Sometimes ON,Medium,Morning,Yes
2501904,Male,100,Very organized,A few times a week,Balanced,Energetic,Very often,No,Sometimes ON,Low,Afternoon,No
22AM033421,Male,400,Comfortable with a bit of clutter,A few times a week,Lively with some quiet moments,Energetic,Never,Sometimes,Always ON,Medium,Afternoon,No
22CA035633,Female,400,Comfortable with a bit of clutter,A few times a week,Quiet with occasional activity,Calm,Very often,No,Sometimes ON,Very high,Morning,No
23AM029020,Male,300,Flexible/ not particular,Never,Quiet with occasional activity,Energetic,Never,Sometimes,Prefer OFF,Medium,Morning,Yes
22CM034883,Female,400,Generally tidy,Never,Balanced,Calm,Never,Yes,Sometimes ON,High,Morning,No
2502219,Female,100,Generally tidy,Occasionally,Balanced,Calm,Rarely,No,Prefer OFF,High,Late night,No
21DC037569,Female,500,Very organized,Occasionally,Quiet with occasional activity,Very calm,Rarely,No,Prefer OFF,Very high,Morning,It depends
23CF028320,Male,300,Flexible/ not particular,Occasionally,Quiet with occasional activity,Energetic,Never,Sometimes,Must be OFF,High,Afternoon,It depends
2502894,Female,100,Very organized,A few times a week,Quiet with occasional activity,Very calm,Occasionally,No,Always ON,Low,Morning,It depends
2501363,Female,100,Comfortable with a bit of clutter,A few times a week,Lively with some quiet moments,Calm,Occasionally,Sometimes,Sometimes ON,Low,Evening,It depends
2502933,Male,100,Very organized,Never,Balanced,Energetic,Very often,Yes,Prefer OFF,Medium,Morning,Yes
23CG033763,Male,300,Comfortable with a bit of clutter,Daily,Quiet with occasional activity,Very calm,Often,Sometimes,Must be OFF,Very high,Afternoon,Yes
24CD034389,Female,200,Flexible/ not particular,Weekly,Balanced,Energetic,Very often,Yes,Prefer OFF,Medium,Morning,No
21DB034865,Female,500,Flexible/ not particular,Weekly,Quiet with occasional activity,Energetic,Rarely,Yes,Prefer OFF,High,Morning,Yes
22CA036947,Female,400,Generally tidy,Weekly,Quiet with occasional activity,Very calm,Rarely,Sometimes,Always ON,Low,Morning,No
22DA037883,Male,400,Very organized,Never,Lively with some quiet moments,Very calm,Often,No,Must be OFF,High,Evening,Yes
21DC031613,Male,500,Flexible/ not particular,Daily,Quiet with occasional activity,Very calm,Occasionally,Sometimes,Always ON,Low,Morning,It depends
2502030,Female,100,Comfortable with a bit of clutter,Occasionally,Balanced,Very calm,Rarely,No,Always ON,Low,Afternoon,It depends
2501360,Male,100,Generally tidy,Weekly,Lively with some quiet moments,Energetic,Never,No,Must be OFF,Medium,Morning,No
21CD035140,Male,500,Very organized,Daily,Balanced,Very calm,Very often,No,Must be OFF,Very high,Late night,No
23BD028475,Female,300,Very organized,Weekly,Quiet with occasional activity,Energetic,Never,No,Prefer OFF,Low,Evening,Yes
2501075,Female,100,Very organized,A few times a week,Lively with some quiet moments,Calm,Never,Yes,Always ON,High,Evening,No
23BM038958,Female,300,Flexible/ not particular,Never,Balanced,Energetic,Very often,No,Always ON,Very high,Evening,It depends
23CE034624,Male,300,Very organized,Weekly,Balanced,Very calm,Occasionally,Sometimes,Sometimes ON,Medium,Evening,Yes
24CF030704,Female,200,Flexible/ not particular,Never,Balanced,Energetic,Very often,Sometimes,Prefer OFF,Very high,Afternoon,Yes
24DB035657,Male,200,Flexible/ not particular,Weekly,Lively with some quiet moments,Calm,Rarely,Sometimes,Prefer OFF,Very high,Afternoon,Yes
23DC030091,Male,300,Very organized,Never,Quiet with occasional activity,Energetic,Often,Sometimes,Prefer OFF,Medium,Morning,No
21CB036751,Female,500,Flexible/ not particular,Weekly,Lively with some quiet moments,Calm,Rarely,Yes,Sometimes ON,Very high,Evening,Yes
23CG034455,Male,300,Flexible/ not particular,Daily,Balanced,Very calm,Occasionally,Sometimes,Sometimes ON,High,Evening,No
23CB037246,Female,300,Generally tidy,Daily,Quiet with occasional activity,Energetic,Often,Sometimes,Prefer OFF,Medium,Afternoon,Yes
23CE028444,Male,300,Flexible/ not particular,Daily,Balanced,Energetic,Never,Sometimes,Always ON,Low,Afternoon,It depends
22AB038530,Female,400,Flexible/ not particular,Never,Lively with some quiet moments,Calm,Very often,Sometimes,Sometimes ON,Low,Morning,It depends
2501224,Male,100,Very organized,Weekly,Lively with some quiet moments,Energetic,Rarely,Yes,Sometimes ON,Low,Evening,It depends
23AA035564,Male,300,Generally tidy,Never,Quiet with occasional activity,Energetic,Occasionally,No,Sometimes ON,Medium,Evening,No
23AA028823,Female,300,Very organized,Daily,Lively with some quiet moments,Very calm,Rarely,No,Sometimes ON,Medium,Morning,Yes
22CD034211,Male,400,Comfortable with a bit of clutter,Never,Balanced,Very calm,Often,Sometimes,Always ON,High,Evening,Yes
2501047,Male,100,Comfortable with a bit of clutter,Weekly,Lively with some quiet moments,Energetic,Very often,Sometimes,Must be OFF,Low,Late night,No
22CM035449,Male,400,Flexible/ not particular,Daily,Quiet with occasional activity,Calm,Often,Yes,Sometimes ON,Low,Afternoon,It depends
2501350,Female,100,Generally tidy,Weekly,Lively with some quiet moments,Energetic,Very often,Sometimes,Prefer OFF,Medium,Afternoon,No
22BM034211,Male,400,Flexible/ not particular,Never,Lively with some quiet moments,Very calm,Often,No,Must be OFF,Low,Afternoon,No
23CD034906,Female,300,Comfortable with a bit of clutter,Daily,Balanced,Energetic,Occasionally,Sometimes,Always ON,Very high,Afternoon,No
23CD029341,Female,300,Comfortable with a bit of clutter,Daily,Quiet with occasional activity,Energetic,Very often,Sometimes,Sometimes ON,High,Morning,It depends
23BD028317,Female,300,Generally tidy,Occasionally,Balanced,Energetic,Often,Yes,Always ON,Very high,Late night,No
2501970,Male,100,Very organized,Daily,Lively with some quiet moments,Very calm,Rarely,Sometimes,Sometimes ON,High,Evening,Yes
21CG033733,Male,500,Comfortable with a bit of clutter,Weekly,Balanced,Calm,Often,No,Sometimes ON,Medium,Evening,It depends
22CM038651,Female,400,Flexible/ not particular,Daily,Quiet with occasional activity,Calm,Often,Sometimes,Must be OFF,Low,Afternoon,Yes
23AB038678,Male,300,Comfortable with a bit of clutter,Weekly,Lively with some quiet moments,Very calm,Rarely,Sometimes,Prefer OFF,Very high,Evening,No
24CG028508,Female,200,Very organized,Never,Balanced,Calm,Rarely,No,Sometimes ON,Medium,Evening,No
23CM031266,Female,300,Flexible/ not particular,A few times a week,Quiet with occasional activity,Calm,Often,No,Must be OFF,Low,Afternoon,Yes
23DB028333,Male,300,Flexible/ not particular,Never,Lively with some quiet moments,Calm,Rarely,Sometimes,Must be OFF,Low,Evening,No
22CB030496,Male,400,Generally tidy,Never,Quiet with occasional activity,Calm,Rarely,No,Always ON,Very high,Morning,Yes
23CM030068,Male,300,Flexible/ not particular,Never,Lively with some quiet moments,Calm,Occasionally,Sometimes,Must be OFF,Very high,Evening,It depends
22CD032134,Female,400,Flexible/ not particular,Occasionally,Lively with some quiet moments,Energetic,Never,Yes,Sometimes ON,Low,Afternoon,Yes
21BD038968,Female,500,Generally tidy,Daily,Balanced,Calm,Never,Yes,Must be OFF,High,Morning,It depends
21AB037240,Male,500,Comfortable with a bit of clutter,Never,Balanced,Very calm,Occasionally,Yes,Must be OFF,Medium,Late night,Yes
24CM035619,Male,200,Comfortable with a bit of clutter,Occasionally,Balanced,Energetic,Often,No,Prefer OFF,Very high,Morning,No
23CF032198,Female,300,Comfortable with a bit of clutter,Daily,Lively with some quiet moments,Energetic,Rarely,Sometimes,Always ON,High,Late night,No
23DA034043,Female,300,Flexible/ not particular,A few times a week,Quiet with occasional activity,Calm,Often,No,Must be OFF,High,Morning,Yes
23AA037926,Male,300,Generally tidy,Weekly,Lively with some quiet moments,Very calm,Often,No,Prefer OFF,Very high,Afternoon,No
2502400,Female,100,Very organized,Daily,Lively with some quiet moments,Calm,Very often,Yes,Always ON,Very high,Evening,It depends
22CF039769,Male,400,Very organized,Occasionally,Balanced,Very calm,Occasionally,Sometimes,Must be OFF,High,Morning,It depends
2502678,Female,100,Very organized,Weekly,Balanced,Very calm,Often,Yes,Prefer OFF,Medium,Morning,No
2501858,Female,100,Generally tidy,Occasionally,Lively with some quiet moments,Very calm,Occasionally,Sometimes,Prefer OFF,High,Morning,No
